iter	MultiClass
0	0.6032067752
1	0.4773533889
2	0.3237967036
3	0.272696866
4	0.218195122
5	0.1892599534
6	0.1576133861
7	0.1396438599
8	0.1322098791
9	0.1211500285
10	0.1127463099
11	0.1091221073
12	0.1030315088
13	0.1005257571
14	0.0972845394
15	0.08965222255
16	0.08766882973
17	0.08239291282
18	0.07970852422
19	0.07618795619
